A,Agilent Technologies Inc
AAL,American Airlines Group
AAP,Advance Auto Parts
AAPL,Apple Inc.
ABBV,AbbVie Inc.
ABC,AmerisourceBergen Corp
ABMD,ABIOMED Inc
ABR,Arbor Realty Trust Inc
ABT,Abbott Laboratories
ACN,Accenture plc
ADBE,Adobe Systems Inc
ADI,"Analog Devices, Inc."
ADM,Archer-Daniels-Midland Co
ADP,Automatic Data Processing
ADS,Alliance Data Systems
ADSK,Autodesk Inc.
AEE,Ameren Corp
AEP,American Electric Power
AES,AES Corp
AFL,AFLAC Inc
AIG,American International Group
AIZ,Assurant
AJG,Arthur J. Gallagher & Co.
AKAM,Akamai Technologies Inc
ALB,Albemarle Corp
ALGN,Align Technology
ALK,Alaska Air Group Inc
ALL,Allstate Corp
ALLE,Allegion
AMAT,Applied Materials Inc.
AMCR,Amcor plc
AMD,Advanced Micro Devices Inc
AME,AMETEK Inc.
AMGN,Amgen Inc.
AMP,Ameriprise Financial
AMT,American Tower Corp.
AMZN,Amazon.com Inc.
ANET,Arista Networks
ANSS,ANSYS
ANTM,Anthem
AON,Aon plc
AOS,A.O. Smith Corp
APA,Apache Corporation
APD,Air Products & Chemicals Inc
APH,Amphenol Corp
APTV,Aptiv PLC
ARE,Alexandria Real Estate Equities
ARNC,Arconic Inc.
ASTR,Astra Space Inc.
ASTRW,Astra Space Inc. Warrants
ATO,Atmos Energy Corp
ATVI,Activision Blizzard
AUR,Aurora Innovtion Inc.
AUROW,Aurora Innovtion Inc. Warrants
AVB,"AvalonBay Communities, Inc."
AVGO,Broadcom Inc.
AVY,Avery Dennison Corp
AWK,American Water Works Company Inc
AXP,American Express Co
AZO,AutoZone Inc
BA,Boeing Company
BABA,Alibaba Group Holding Inc
BAC,Bank of America Corp
BAX,Baxter International Inc.
BBY,Best Buy Co. Inc.
BDX,Becton Dickinson
BEN,Franklin Resources
BGRY,Berkshire Grey Inc
BGRYW,Berkshire Grey Inc Warrants
BIIB,Biogen Inc.
BK,The Bank of New York Mellon Corp.
BKNG,Booking Holdings Inc
BKR,Baker Hughes Co
BLK,BlackRock
BLL,Ball Corp
BMY,Bristol-Myers Squibb
BR,Broadridge Financial Solutions
BSX,Boston Scientific
BWA,BorgWarner
BXP,Boston Properties
C,Citigroup Inc.
CAG,Conagra Brands
CAH,Cardinal Health Inc.
CARR,Carrier Global Corporation
CAT,Caterpillar Inc.
CB,Chubb Limited
CBOE,Cboe Global Markets
CBRE,CBRE Group
CCI,Crown Castle International Corp.
CCL,Carnival Corp.
CDNS,Cadence Design Systems
CDW,CDW
CE,Celanese
CERN,Cerner
CF,CF Industries Holdings Inc
CFG,Citizens Financial Group
CHD,Church & Dwight
CHRW,C. H. Robinson Worldwide
CHTR,Charter Communications
CI,CIGNA Corp.
CINF,Cincinnati Financial
CL,Colgate-Palmolive
CLX,The Clorox Company
CMA,Comerica Inc.
CMCSA,Comcast Corp.
CME,CME Group Inc.
CMG,Chipotle Mexican Grill
CMI,Cummins Inc.
CMS,CMS Energy
CNC,Centene Corporation
CNP,CenterPoint Energy
COF,Capital One Financial
COO,The Cooper Companies
COP,ConocoPhillips
COST,Costco Wholesale Corp.
COTY,"Coty, Inc"
CP,Canadian Pacific Railway
CPB,Campbell Soup
CPRI,Capri Holdings
CPRT,Copart Inc
CRM,Salesforce.com
CSCO,Cisco Systems
CSX,CSX Corp.
CTAS,Cintas Corporation
CTSH,Cognizant Technology Solutions
CTVA,Corteva
CTXS,Citrix Systems
CVS,CVS Health
CVX,Chevron Corp.
CYXTW,Cyxtera Technologies Inc. Warrants
D,Dominion Energy
DAL,Delta Air Lines Inc.
DD,DuPont de Nemours Inc
DE,Deere & Co.
DFS,Discover Financial Services
DG,Dollar General
DGX,Quest Diagnostics
DHI,D. R. Horton
DHIL,Diamond Hill Investment Group Inc
DHR,Danaher Corp.
DIS,The Walt Disney Company
DISCA,Discovery Inc. Class A
DISCK,Discovery Inc. Class C
DISH,Dish Network
DLR,Digital Realty Trust Inc
DLTR,Dollar Tree
DNP,DNP Select Income FD Inc 
DOV,Dover Corp.
DOW,Dow Inc.
DRE,Duke Realty Corp
DRI,Darden Restaurants
DSL,Doubleline Income Solutions FD Inc
DTE,DTE Energy Co.
DUK,Duke Energy
DVA,DaVita Inc.
DVN,Devon Energy
DX,Dynex Capital Inc
DXC,DXC Technology
EA,Electronic Arts
EBAY,eBay Inc.
EBS,Emergent Biosolution Inc
ECL,Ecolab Inc.
ED,Consolidated Edison
EFX,Equifax Inc.
EGLE,Eagle Bulk Shipping Inc
EIX,Edison Int'l
EL,Estee Lauder Cos.
EMN,Eastman Chemical
EMR,Emerson Electric Company
ENB,Enbridge Inc
ENLV,Enlivex Therapeutics Inc
EOG,EOG Resources
EPD,Enterprise Products Partners
EQIX,Equinix
EQR,Equity Residential
ES,Eversource Energy
ESS,"Essex Property Trust, Inc."
ET,Energy Transfer LP Common
ETN,Eaton Corporation
ETR,Entergy Corp.
ETRN,Equitrans Midstream Corp
EVRG,Evergy
EW,Edwards Lifesciences
EXC,Exelon Corp.
EXPD,Expeditors
EXPE,Expedia Group
EXR,Extra Space Storage
F,Ford Motor
FANG,Diamondback Energy
FAST,Fastenal Co
FB,"Facebook, Inc."
FBHS,Fortune Brands Home & Security
FCX,Freeport-McMoRan Inc.
FDX,FedEx Corporation
FE,FirstEnergy Corp
FFIV,F5 Networks
FIS,Fidelity National Information Services
FISV,Fiserv Inc
FITB,Fifth Third Bancorp
FLGT,Fulgent Genetics Inc
FLS,Flowserve Corporation
FLT,FleetCor Technologies Inc
FMC,FMC Corporation
FNMAS,Federal National Mortgage Assn
FOX,Fox Corporation Class B
FOXA,Fox Corporation Class A
FRC,First Republic Bank
FRT,Federal Realty Investment Trust
FSK,FS KKR CAP Corp
FTI,TechnipFMC
FTNT,Fortinet
FTV,Fortive Corp
GD,General Dynamics
GE,General Electric
GILD,Gilead Sciences
GIS,General Mills
GL,Globe Life Inc.
GLW,Corning Inc.
GM,General Motors
GOOG,Alphabet Inc Class C
GOOGL,Alphabet Inc Class A
GPC,Genuine Parts
GPN,Global Payments Inc.
GPS,Gap Inc.
GRMN,Garmin Ltd.
GS,Goldman Sachs Group
GSK,Glaxo Smith Kline PLC
GSL,Global Ship Lease Inc.
GWW,Grainger (W.W.) Inc.
HAL,Halliburton Co.
HAS,Hasbro Inc.
HASI,Hannon Armstrong Sustainable Infrastructure Inc
HBAN,Huntington Bancshares
HBI,Hanesbrands Inc
HCA,HCA Healthcare
HD,Home Depot
HEP,Holly Partners LP Unit
HES,Hess Corporation
HFC,HollyFrontier Corp
HIG,Hartford Financial Svc.Gp.
HII,Huntington Ingalls Industries
HLT,Hilton Worldwide Holdings Inc
HOG,Harley-Davidson
HOLX,Hologic
HON,Honeywell Int'l Inc.
HP,Helmerich & Payne
HPE,Hewlett Packard Enterprise
HPQ,HP Inc.
HRB,H&R Block
HRL,Hormel Foods Corp.
HSIC,Henry Schein
HST,Host Hotels & Resorts
HSY,The Hershey Company
HUM,Humana Inc.
IBM,International Business Machines
IBRX,ImmunityBio Inc  
ICE,Intercontinental Exchange
IDXX,IDEXX Laboratories
IEX,IDEX Corporation
IFF,Intl Flavors & Fragrances
ILMN,Illumina Inc
INCY,Incyte
INFO,IHS Markit Ltd.
INSW,International Seaways Inc
INTC,Intel Corp.
INTU,Intuit Inc.
IP,International Paper
IPG,Interpublic Group
IPGP,IPG Photonics Corp.
IQV,IQVIA Holdings Inc.
IR,Ingersoll-Rand PLC
IRM,Iron Mountain Incorporated
ISRG,Intuitive Surgical Inc.
IT,Gartner Inc
ITW,Illinois Tool Works
IVZ,Invesco Ltd.
J,Jacobs Engineering Group
JBHT,J. B. Hunt Transport Services
JCI,Johnson Controls International
JKHY,Jack Henry & Associates
JNJ,Johnson & Johnson
JNPR,Juniper Networks
JPM,JPMorgan Chase & Co.
JWN,Nordstrom
K,Kellogg Co.
KEY,KeyCorp
KEYS,Keysight Technologies
KHC,Kraft Heinz Co
KIM,Kimco Realty
KLAC,KLA Corporation
KMB,Kimberly-Clark
KMI,Kinder Morgan
KMX,Carmax Inc
KO,Coca-Cola Company
KPTI,Karyopharm Therapuetics Inc
KR,Kroger Co.
KSS,Kohl's Corp.
L,Loews Corp.
LDOS,Leidos Holdings
LEG,Leggett & Platt
LEN,Lennar Corp.
LH,Laboratory Corp. of America Holding
LHX,L3Harris Technologies
LICY,Li-cycle Holdings Corporation
LIN,Linde plc
LKQ,LKQ Corporation
LLY,Lilly (Eli) & Co.
LMT,Lockheed Martin Corp.
LNC,Lincoln National
LNT,Alliant Energy Corp
LOW,Lowe's Cos.
LRCX,Lam Research
LUV,Southwest Airlines
LVS,Las Vegas Sands
LW,Lamb Weston Holdings Inc
LYB,LyondellBasell
LYV,Live Nation Entertainment
M,Macy's Inc.
MA,Mastercard Inc.
MAA,Mid-America Apartments
MAR,Marriott Int'l.
MAS,Masco Corp.
MCD,McDonald's Corp.
MCHP,Microchip Technology
MCK,McKesson Corp.
MCO,Moody's Corp
MDLZ,Mondelez International
MDT,Medtronic plc
MET,MetLife Inc.
MGM,MGM Resorts International
MHK,Mohawk Industries
MKC,McCormick & Co.
MKTX,MarketAxess
ML,MoneyLion Inc
MLM,Martin Marietta Materials
MMC,Marsh & McLennan
MMM,3M Company
MNST,Monster Beverage
MO,Altria Group Inc
MOS,The Mosaic Company
MPC,Marathon Petroleum
MPLX,MPLX LP
MPW,Medical Properties Trust
MRK,Merck & Co.
MRO,Marathon Oil Corp.
MRVL,Marvell Technology Inc.
MS,Morgan Stanley
MSCI,MSCI Inc
MSFT,Microsoft Corp.
MSI,Motorola Solutions Inc.
MTB,M&T Bank Corp.
MTD,Mettler Toledo
MU,Micron Technology
NCLH,Norwegian Cruise Line Holdings
NDAQ,"Nasdaq, Inc."
NEE,NextEra Energy
NEM,Newmont Goldcorp
NFLX,Netflix Inc.
NI,NiSource Inc.
NKE,Nike
NLOK,NortonLifeLock
NLSN,Nielsen Holdings
NOC,Northrop Grumman
NOV,National Oilwell Varco Inc.
NOW,ServiceNow
NRG,NRG Energy
NSC,Norfolk Southern Corp.
NTAP,NetApp
NTRS,Northern Trust Corp.
NUE,Nucor Corp.
NVDA,Nvidia Corporation
NVR,NVR Inc
NWL,Newell Brands
NWS,News Corp. Class B
NWSA,News Corp. Class A
O,Realty Income Corporation
ODFL,Old Dominion Freight Line
OGN,Organon & Co
OKE,ONEOK
OMC,Omnicom Group
ORCC,Owl Rock Capital Corporation
ORCL,Oracle Corp.
ORLY,O'Reilly Automotive
OXY,Occidental Petroleum
PAYX,Paychex Inc.
PBA,Pembina Pipeline Corp
PBCT,People's United Financial
PCAR,PACCAR Inc.
PEAK,Healthpeak Properties
PEG,Public Serv. Enterprise Inc.
PEP,PepsiCo Inc.
PFE,Pfizer Inc.
PFG,Principal Financial Group
PG,Procter & Gamble
PGR,Progressive Corp.
PH,Parker-Hannifin
PHM,Pulte Homes Inc.
PKG,Packaging Corporation of America
PKI,PerkinElmer
PLD,Prologis
PLUG,Plug Power Inc
PM,Philip Morris International
PNC,PNC Financial Services
PNR,Pentair plc
PNW,Pinnacle West Capital
PPG,PPG Industries
PPL,PPL Corp.
PRGO,Perrigo
PRU,Prudential Financial
PSA,Public Storage
PSX,Phillips 66
PVH,PVH Corp.
PWR,Quanta Services Inc.
PXD,Pioneer Natural Resources
PYPL,PayPal
QCOM,QUALCOMM Inc.
QRVO,Qorvo
QS,Quantumscape Corp
RCL,Royal Caribbean Cruises Ltd
RDW,Redwire Corporation
RE,Everest Re Group Ltd.
REG,Regency Centers Corporation
REGN,Regeneron Pharmaceuticals
RF,Regions Financial Corp.
RHI,Robert Half International
RJF,Raymond James Financial Inc.
RKLB,Rocket Lab USA
RKLBW,Rocket Lab Warrants
RL,Ralph Lauren Corporation
RMD,ResMed
ROK,Rockwell Automation Inc.
ROL,Rollins Inc.
ROP,Roper Technologies
ROST,Ross Stores
RSG,Republic Services Inc
RTX,Raytheon Technologies Co.
RWLK,Rewalk Robotics LTD
SBAC,SBA Communications
SBSW,Sibanye Stillwater LTD
SBUX,Starbucks Corp.
SCHW,Charles Schwab Corporation
SEE,Sealed Air
SHW,Sherwin-Williams
SIVB,SVB Financial
SJM,JM Smucker
SLB,Schlumberger Ltd.
SLG,SL Green Realty
SNA,Snap-on
SNPS,Synopsys Inc.
SO,Southern Co.
SPG,Simon Property Group Inc
SPGI,"S&P Global, Inc."
SRE,Sempra Energy
STE,STERIS plc
STRC,Sarcos Technology and Robotics Corp
STT,State Street Corp.
STX,Seagate Technology
STZ,Constellation Brands
SU,Suncor Energy Inc
SWK,Stanley Black & Decker
SWKS,Skyworks Solutions
SWM,Shweitzer-Mauduit Intl Inc
SYF,Synchrony Financial
SYK,Stryker Corp.
SYY,Sysco Corp.
T,AT&T Inc.
TAP,Molson Coors Brewing Company
TDG,TransDigm Group
TDOC,Teladoc Health Inc
TDY,Teledyne Technologies Inc 
TEL,TE Connectivity Ltd.
TFC,Truist Financial
TFX,Teleflex
TGT,Target Corp.
TJX,TJX Companies Inc.
TM,Toyota Motor Corp ADS
TMO,Thermo Fisher Scientific
TMUS,T-Mobile US
TPR,"Tapestry, Inc."
TROW,T. Rowe Price Group
TRTN,Triton International LTD
TRV,The Travelers Companies Inc.
TSCO,Tractor Supply Company
TSE,Trinseo PLC
TSN,Tyson Foods
TTD,Tradedesk
TTWO,Take-Two Interactive
TWTR,"Twitter, Inc."
TXN,Texas Instruments
TXT,Textron Inc.
UA,Under Armour Class C
UAA,Under Armour Class A
UAL,United Airlines Holdings
UDR,"UDR, Inc."
UHS,"Universal Health Services, Inc."
ULTA,Ulta Beauty
UNH,United Health Group Inc.
UNM,Unum Group
UNP,Union Pacific Corp
UPS,United Parcel Service
UPST,Upstart Holdings Inc.
URI,"United Rentals, Inc."
USB,U.S. Bancorp
V,Visa Inc.
VFC,V.F. Corp.
VIAC,ViacomCBS Inc.
VICI,VICI Properties Inc.
VLO,Valero Energy
VMC,Vulcan Materials
VNO,Vornado Realty Trust
VOO,Vanguard SP500 ETF
VRSK,Verisk Analytics
VRSN,Verisign Inc.
VRTX,Vertex Pharmaceuticals Inc
VTR,Ventas Inc
VZ,Verizon Communications
WAB,Wabtec Corporation
WAT,Waters Corporation
WBA,Walgreens Boots Alliance
WDC,Western Digital
WEC,Wec Energy Group Inc
WELL,Welltower Inc.
WFC,Wells Fargo
WHR,Whirlpool Corp.
WLTW,Willis Towers Watson
WM,Waste Management Inc.
WMB,Williams Cos.
WMT,Walmart
WPC,W P Carey Inc.
WRB,W. R. Berkley Corporation
WRK,WestRock
WU,Western Union Co
WY,Weyerhaeuser
WYNN,Wynn Resorts Ltd
XEL,Xcel Energy Inc
XLNX,Xilinx
XOM,Exxon Mobil Corp.
XRAY,Dentsply Sirona
XRX,Xerox
XYL,Xylem Inc.
YUM,Yum! Brands Inc
ZBH,Zimmer Biomet Holdings
ZBRA,Zebra Technologies
ZION,Zions Bancorp
ZTS,Zoetis